Juan,Pérez,25
María,García,30
Carlos,Ruíz,40
Ana,López,35
Pedro,Martínez,28
Laura,Hernández,42
Luis,González,31
Sofía,Díaz,29
Javier,Rodríguez,45
Marta,Fernández,33
Ricardo,Álvarez,37
Elena,Moreno,39
Diego,Jiménez,41
Lucía,Torres,27
Gabriel,Romero,34
Carmen,Sánchez,36
Fernando,Ortega,43
Valeria,Navarro,32
Adrián,Guerrero,38
Isabel,Cano,26
Pablo,Medina,44
Natalia,Vargas,31
Martín,Vidal,29
Andrea,Reyes,35
Hugo,Correa,42
Clara,Cabrera,28
Sergio,Aguilar,40
Alba,Acosta,33
Alejandro,Molina,39
Daniela,Santos,37
José,Castro,45
Rosa,Blanco,30
Víctor,Silva,36
Inés,Pérez,27
Emilio,García,31
Clara,Ruíz,29
Santiago,López,43
Alicia,Martínez,38
Andrés,Hernández,41
Mariana,González,25
Bruno,Díaz,34
Olivia,Rodríguez,39
Mateo,Fernández,32
Valentina,Álvarez,28
Simón,Moreno,44
Regina,Jiménez,30
Gustavo,Torres,36
Camila,Romero,42
David,Sánchez,26
Ana,Ortega,35